ano_fiscal,metrica,valor,unidade,documento,url,acesso,nota
2019,pedidos,141,milhoes,FY2021 KPI datasheet (PDF) p.3,https://www.prosus.com/~/media/Files/P/prosus-corp-v2/results-reports-and-events-archive/latest-results/fy-2021/kpi-datasheet.pdf,2026-09-20,
2019,gmv,1617,USD_milhoes,FY2021 KPI datasheet (PDF) p.3,https://www.prosus.com/~/media/Files/P/prosus-corp-v2/results-reports-and-events-archive/latest-results/fy-2021/kpi-datasheet.pdf,2026-09-20,
2019,receita,162,USD_milhoes,FY2021 KPI datasheet (PDF) p.3,https://www.prosus.com/~/media/Files/P/prosus-corp-v2/results-reports-and-events-archive/latest-results/fy-2021/kpi-datasheet.pdf,2026-09-20,
2019,estabelecimentos_brasil,81242,unidades,FY2021 KPI datasheet (PDF) p.3,https://www.prosus.com/~/media/Files/P/prosus-corp-v2/results-reports-and-events-archive/latest-results/fy-2021/kpi-datasheet.pdf,2026-09-20,rubrica 'Restaurants'; de FY2020 em diante a Prosus reporta 'Merchants (Brazil)'
2019,cidades_brasil,500,unidades,FY2021 KPI datasheet (PDF) p.3,https://www.prosus.com/~/media/Files/P/prosus-corp-v2/results-reports-and-events-archive/latest-results/fy-2021/kpi-datasheet.pdf,2026-09-20,
2020,pedidos,276,milhoes,FY2022 KPI datasheet aba Food Delivery,https://www.prosus.com/~/media/Files/P/prosus-corp-v2/results-reports-and-events-archive/latest-results/fy-2022/kpi-datasheet.xlsx,2026-09-20,
2020,gmv,2611,USD_milhoes,FY2022 KPI datasheet aba Food Delivery,https://www.prosus.com/~/media/Files/P/prosus-corp-v2/results-reports-and-events-archive/latest-results/fy-2022/kpi-datasheet.xlsx,2026-09-20,
2020,receita,315,USD_milhoes,FY2022 KPI datasheet aba Food Delivery,https://www.prosus.com/~/media/Files/P/prosus-corp-v2/results-reports-and-events-archive/latest-results/fy-2022/kpi-datasheet.xlsx,2026-09-20,
2020,trading_profit,-247,USD_milhoes,FY2022 KPI datasheet aba Food Delivery,https://www.prosus.com/~/media/Files/P/prosus-corp-v2/results-reports-and-events-archive/latest-results/fy-2022/kpi-datasheet.xlsx,2026-09-20,primeiro ano em que a Prosus abre o resultado do iFood; o segmento Food Delivery inteiro perdeu US$ 624 mi
2020,entregadores_brasil,170347,pessoas,FY2022 KPI datasheet aba Food Delivery,https://www.prosus.com/~/media/Files/P/prosus-corp-v2/results-reports-and-events-archive/latest-results/fy-2022/kpi-datasheet.xlsx,2026-09-20,
2020,estabelecimentos_brasil,159613,unidades,FY2022 KPI datasheet aba Food Delivery,https://www.prosus.com/~/media/Files/P/prosus-corp-v2/results-reports-and-events-archive/latest-results/fy-2022/kpi-datasheet.xlsx,2026-09-20,FY2021 datasheet trazia 164306 como 'Restaurants'
2020,cidades_brasil,975,unidades,FY2022 KPI datasheet aba Food Delivery,https://www.prosus.com/~/media/Files/P/prosus-corp-v2/results-reports-and-events-archive/latest-results/fy-2022/kpi-datasheet.xlsx,2026-09-20,
2021,pedidos,553,milhoes,FY2023 KPI datasheet aba Food Delivery,https://www.prosus.com/~/media/Files/P/prosus-corp-v2/investors/full-year-results-2023/latest-financial-results/fy23-kpi-datasheet.xlsx,2026-09-20,
2021,gmv,5015,USD_milhoes,FY2023 KPI datasheet aba Food Delivery,https://www.prosus.com/~/media/Files/P/prosus-corp-v2/investors/full-year-results-2023/latest-financial-results/fy23-kpi-datasheet.xlsx,2026-09-20,
2021,receita,736,USD_milhoes,FY2023 KPI datasheet aba Food Delivery,https://www.prosus.com/~/media/Files/P/prosus-corp-v2/investors/full-year-results-2023/latest-financial-results/fy23-kpi-datasheet.xlsx,2026-09-20,
2021,trading_profit,-43,USD_milhoes,FY2023 KPI datasheet aba Food Delivery,https://www.prosus.com/~/media/Files/P/prosus-corp-v2/investors/full-year-results-2023/latest-financial-results/fy23-kpi-datasheet.xlsx,2026-09-20,
2021,entregadores_brasil,209151,pessoas,FY2023 KPI datasheet aba Food Delivery,https://www.prosus.com/~/media/Files/P/prosus-corp-v2/investors/full-year-results-2023/latest-financial-results/fy23-kpi-datasheet.xlsx,2026-09-20,
2021,estabelecimentos_brasil,272380,unidades,FY2023 KPI datasheet aba Food Delivery,https://www.prosus.com/~/media/Files/P/prosus-corp-v2/investors/full-year-results-2023/latest-financial-results/fy23-kpi-datasheet.xlsx,2026-09-20,
2021,cidades_brasil,1258,unidades,FY2023 KPI datasheet aba Food Delivery,https://www.prosus.com/~/media/Files/P/prosus-corp-v2/investors/full-year-results-2023/latest-financial-results/fy23-kpi-datasheet.xlsx,2026-09-20,
2022,pedidos,733.2,milhoes,FY2024 KPI datasheet aba Food Delivery,https://www.prosus.com/~/media/Files/P/prosus-corp-v2/AR2024/2resultsarchive/09kpidatasheet/fy2024kpidatasheet.xlsx,2026-09-20,republicado; FY2023 datasheet trazia 758
2022,gmv,7264,USD_milhoes,FY2024 KPI datasheet aba Food Delivery,https://www.prosus.com/~/media/Files/P/prosus-corp-v2/AR2024/2resultsarchive/09kpidatasheet/fy2024kpidatasheet.xlsx,2026-09-20,republicado; FY2023 datasheet trazia 7383
2022,receita,991,USD_milhoes,FY2024 KPI datasheet aba Food Delivery,https://www.prosus.com/~/media/Files/P/prosus-corp-v2/AR2024/2resultsarchive/09kpidatasheet/fy2024kpidatasheet.xlsx,2026-09-20,
2022,trading_profit,-183,USD_milhoes,FY2024 KPI datasheet aba Food Delivery,https://www.prosus.com/~/media/Files/P/prosus-corp-v2/AR2024/2resultsarchive/09kpidatasheet/fy2024kpidatasheet.xlsx,2026-09-20,republicado; FY2023 datasheet trazia -206
2022,entregadores_brasil,232418,pessoas,FY2024 KPI datasheet aba Food Delivery,https://www.prosus.com/~/media/Files/P/prosus-corp-v2/AR2024/2resultsarchive/09kpidatasheet/fy2024kpidatasheet.xlsx,2026-09-20,
2022,estabelecimentos_brasil,317418,unidades,FY2024 KPI datasheet aba Food Delivery,https://www.prosus.com/~/media/Files/P/prosus-corp-v2/AR2024/2resultsarchive/09kpidatasheet/fy2024kpidatasheet.xlsx,2026-09-20,
2022,cidades_brasil,1780,unidades,FY2024 KPI datasheet aba Food Delivery,https://www.prosus.com/~/media/Files/P/prosus-corp-v2/AR2024/2resultsarchive/09kpidatasheet/fy2024kpidatasheet.xlsx,2026-09-20,
2023,pedidos,832,milhoes,FY2025 KPI datasheet aba Food Delivery,https://www.prosus.com/~/media/Files/P/prosus-corp-v2/results-reports-and-events-archive/latest-results/fy-2025/fy2025-kpi-datasheet.xlsx,2026-09-20,
2023,gmv,9373.3,USD_milhoes,FY2025 KPI datasheet aba Food Delivery,https://www.prosus.com/~/media/Files/P/prosus-corp-v2/results-reports-and-events-archive/latest-results/fy-2025/fy2025-kpi-datasheet.xlsx,2026-09-20,
2023,receita,1371,USD_milhoes,FY2025 KPI datasheet aba Food Delivery,https://www.prosus.com/~/media/Files/P/prosus-corp-v2/results-reports-and-events-archive/latest-results/fy-2025/fy2025-kpi-datasheet.xlsx,2026-09-20,FY2023 datasheet trazia 1374; pro-forma da nova regra de reconhecimento de receita: 905
2023,receita_comparavel,905,USD_milhoes,FY2025 KPI datasheet aba Food Delivery,https://www.prosus.com/~/media/Files/P/prosus-corp-v2/results-reports-and-events-archive/latest-results/fy-2025/fy2025-kpi-datasheet.xlsx,2026-09-20,pro-forma na regra de reconhecimento de receita e composicao do grupo iFood de FY2025; unico pro-forma publicado para FY2023
2023,trading_profit,-65,USD_milhoes,FY2024 KPI datasheet aba Food Delivery,https://www.prosus.com/~/media/Files/P/prosus-corp-v2/AR2024/2resultsarchive/09kpidatasheet/fy2024kpidatasheet.xlsx,2026-09-20,ultimo ano com trading profit; FY2023 datasheet trazia -79
2023,aebit,-83,USD_milhoes,FY2025 KPI datasheet aba Food Delivery,https://www.prosus.com/~/media/Files/P/prosus-corp-v2/results-reports-and-events-archive/latest-results/fy-2025/fy2025-kpi-datasheet.xlsx,2026-09-20,primeiro ano com EBIT ajustado; substitui o trading profit a partir de FY2025
2023,aebitda,-59,USD_milhoes,FY2025 KPI datasheet aba Food Delivery,https://www.prosus.com/~/media/Files/P/prosus-corp-v2/results-reports-and-events-archive/latest-results/fy-2025/fy2025-kpi-datasheet.xlsx,2026-09-20,
2023,entregadores_brasil,217290,pessoas,FY2025 KPI datasheet aba Food Delivery,https://www.prosus.com/~/media/Files/P/prosus-corp-v2/results-reports-and-events-archive/latest-results/fy-2025/fy2025-kpi-datasheet.xlsx,2026-09-20,
2023,estabelecimentos_brasil,333390,unidades,FY2025 KPI datasheet aba Food Delivery,https://www.prosus.com/~/media/Files/P/prosus-corp-v2/results-reports-and-events-archive/latest-results/fy-2025/fy2025-kpi-datasheet.xlsx,2026-09-20,
2023,cidades_brasil,1486,unidades,FY2025 KPI datasheet aba Food Delivery,https://www.prosus.com/~/media/Files/P/prosus-corp-v2/results-reports-and-events-archive/latest-results/fy-2025/fy2025-kpi-datasheet.xlsx,2026-09-20,
2024,pedidos,981.3,milhoes,FY2026 KPI datasheet aba LatAm,https://www.prosus.com/~/media/Files/P/prosus-corp-v2/results-reports-and-events-archive/annual-report/2026/fy2026-kpi-datasheet.xlsx,2026-09-20,
2024,gmv,11847,USD_milhoes,FY2025 KPI datasheet aba Food Delivery,https://www.prosus.com/~/media/Files/P/prosus-corp-v2/results-reports-and-events-archive/latest-results/fy-2025/fy2025-kpi-datasheet.xlsx,2026-09-20,FY2026 datasheet so publica o GMV do core food delivery (9158)
2024,receita,1222,USD_milhoes,FY2026 KPI datasheet aba LatAm,https://www.prosus.com/~/media/Files/P/prosus-corp-v2/results-reports-and-events-archive/annual-report/2026/fy2026-kpi-datasheet.xlsx,2026-09-20,pro-forma 1194 (FY2026) ou 1140 (FY2025) conforme a composicao do grupo iFood usada
2024,receita_comparavel,1194,USD_milhoes,FY2026 KPI datasheet aba LatAm,https://www.prosus.com/~/media/Files/P/prosus-corp-v2/results-reports-and-events-archive/annual-report/2026/fy2026-kpi-datasheet.xlsx,2026-09-20,pro-forma na composicao de FY2026 (Zoop dentro do iFood); FY2025 datasheet trazia 1140 na composicao de FY2025
2024,trading_profit,96,USD_milhoes,FY2024 KPI datasheet aba Food Delivery,https://www.prosus.com/~/media/Files/P/prosus-corp-v2/AR2024/2resultsarchive/09kpidatasheet/fy2024kpidatasheet.xlsx,2026-09-20,
2024,aebit,96,USD_milhoes,FY2026 KPI datasheet aba LatAm,https://www.prosus.com/~/media/Files/P/prosus-corp-v2/results-reports-and-events-archive/annual-report/2026/fy2026-kpi-datasheet.xlsx,2026-09-20,
2024,aebitda,148,USD_milhoes,FY2026 KPI datasheet aba LatAm,https://www.prosus.com/~/media/Files/P/prosus-corp-v2/results-reports-and-events-archive/annual-report/2026/fy2026-kpi-datasheet.xlsx,2026-09-20,FY2025 datasheet trazia 147
2024,entregadores_brasil,313825,pessoas,FY2026 KPI datasheet aba LatAm,https://www.prosus.com/~/media/Files/P/prosus-corp-v2/results-reports-and-events-archive/annual-report/2026/fy2026-kpi-datasheet.xlsx,2026-09-20,
2024,estabelecimentos_brasil,352413,unidades,FY2026 KPI datasheet aba LatAm,https://www.prosus.com/~/media/Files/P/prosus-corp-v2/results-reports-and-events-archive/annual-report/2026/fy2026-kpi-datasheet.xlsx,2026-09-20,
2024,cidades_brasil,1530,unidades,FY2026 KPI datasheet aba LatAm,https://www.prosus.com/~/media/Files/P/prosus-corp-v2/results-reports-and-events-archive/annual-report/2026/fy2026-kpi-datasheet.xlsx,2026-09-20,
2025,pedidos,1261.4,milhoes,FY2026 KPI datasheet aba LatAm,https://www.prosus.com/~/media/Files/P/prosus-corp-v2/results-reports-and-events-archive/annual-report/2026/fy2026-kpi-datasheet.xlsx,2026-09-20,
2025,gmv,13596.1,USD_milhoes,FY2025 KPI datasheet aba Food Delivery,https://www.prosus.com/~/media/Files/P/prosus-corp-v2/results-reports-and-events-archive/latest-results/fy-2025/fy2025-kpi-datasheet.xlsx,2026-09-20,FY2026 datasheet so publica o GMV do core food delivery (9697)
2025,receita,1334,USD_milhoes,FY2026 KPI datasheet aba LatAm,https://www.prosus.com/~/media/Files/P/prosus-corp-v2/results-reports-and-events-archive/annual-report/2026/fy2026-kpi-datasheet.xlsx,2026-09-20,relatorio de sustentabilidade do iFood informa R$ 7.5 bi para o mesmo periodo
2025,receita_comparavel,1375,USD_milhoes,FY2026 KPI datasheet aba LatAm,https://www.prosus.com/~/media/Files/P/prosus-corp-v2/results-reports-and-events-archive/annual-report/2026/fy2026-kpi-datasheet.xlsx,2026-09-20,pro-forma na composicao de FY2026; FY2025 datasheet trazia 1294 na composicao de FY2025
2025,aebit,230,USD_milhoes,FY2026 KPI datasheet aba LatAm,https://www.prosus.com/~/media/Files/P/prosus-corp-v2/results-reports-and-events-archive/annual-report/2026/fy2026-kpi-datasheet.xlsx,2026-09-20,republicado com a Zoop dentro do iFood; FY2025 datasheet trazia 226
2025,aebitda,261,USD_milhoes,FY2026 KPI datasheet aba LatAm,https://www.prosus.com/~/media/Files/P/prosus-corp-v2/results-reports-and-events-archive/annual-report/2026/fy2026-kpi-datasheet.xlsx,2026-09-20,FY2025 datasheet trazia 256
2025,entregadores_brasil,442500,pessoas,FY2026 KPI datasheet aba LatAm,https://www.prosus.com/~/media/Files/P/prosus-corp-v2/results-reports-and-events-archive/annual-report/2026/fy2026-kpi-datasheet.xlsx,2026-09-20,
2025,estabelecimentos_brasil,410400,unidades,FY2026 KPI datasheet aba LatAm,https://www.prosus.com/~/media/Files/P/prosus-corp-v2/results-reports-and-events-archive/annual-report/2026/fy2026-kpi-datasheet.xlsx,2026-09-20,
2025,cidades_brasil,1581,unidades,FY2026 KPI datasheet aba LatAm,https://www.prosus.com/~/media/Files/P/prosus-corp-v2/results-reports-and-events-archive/annual-report/2026/fy2026-kpi-datasheet.xlsx,2026-09-20,
2026,pedidos,1877,milhoes,FY2026 KPI datasheet aba LatAm,https://www.prosus.com/~/media/Files/P/prosus-corp-v2/results-reports-and-events-archive/annual-report/2026/fy2026-kpi-datasheet.xlsx,2026-09-20,
2026,receita,1868,USD_milhoes,FY2026 KPI datasheet aba LatAm,https://www.prosus.com/~/media/Files/P/prosus-corp-v2/results-reports-and-events-archive/annual-report/2026/fy2026-kpi-datasheet.xlsx,2026-09-20,+28% em moeda local sem aquisicoes
2026,receita_comparavel,1868,USD_milhoes,FY2026 KPI datasheet aba LatAm,https://www.prosus.com/~/media/Files/P/prosus-corp-v2/results-reports-and-events-archive/annual-report/2026/fy2026-kpi-datasheet.xlsx,2026-09-20,igual a receita publicada: FY2026 e a base da serie comparavel
2026,aebit,358,USD_milhoes,FY2026 KPI datasheet aba LatAm,https://www.prosus.com/~/media/Files/P/prosus-corp-v2/results-reports-and-events-archive/annual-report/2026/fy2026-kpi-datasheet.xlsx,2026-09-20,
2026,aebitda,400,USD_milhoes,FY2026 KPI datasheet aba LatAm,https://www.prosus.com/~/media/Files/P/prosus-corp-v2/results-reports-and-events-archive/annual-report/2026/fy2026-kpi-datasheet.xlsx,2026-09-20,
2026,entregadores_brasil,621000,pessoas,FY2026 KPI datasheet aba LatAm,https://www.prosus.com/~/media/Files/P/prosus-corp-v2/results-reports-and-events-archive/annual-report/2026/fy2026-kpi-datasheet.xlsx,2026-09-20,
2026,estabelecimentos_brasil,469110,unidades,FY2026 KPI datasheet aba LatAm,https://www.prosus.com/~/media/Files/P/prosus-corp-v2/results-reports-and-events-archive/annual-report/2026/fy2026-kpi-datasheet.xlsx,2026-09-20,
2026,cidades_brasil,1638,unidades,FY2026 KPI datasheet aba LatAm,https://www.prosus.com/~/media/Files/P/prosus-corp-v2/results-reports-and-events-archive/annual-report/2026/fy2026-kpi-datasheet.xlsx,2026-09-20,
