municipio_ibge,uf,municipio,populacao_2022
1100015,RO,Alta Floresta D'Oeste,21494
1100023,RO,Ariquemes,96833
1100049,RO,Cacoal,86887
1100098,RO,Espigão D'Oeste,29414
1100106,RO,Guajará-Mirim,39387
1100114,RO,Jaru,50591
1100122,RO,Ji-Paraná,124333
1100130,RO,Machadinho D'Oeste,30707
1100155,RO,Ouro Preto do Oeste,35044
1100189,RO,Pimenta Bueno,35079
1100205,RO,Porto Velho,460434
1100288,RO,Rolim de Moura,56406
1100304,RO,Vilhena,95832
1100320,RO,São Miguel do Guaporé,21635
1100338,RO,Nova Mamoré,25444
1100452,RO,Buritis,27992
1100809,RO,Candeias do Jamari,22310
1200104,AC,Brasiléia,26000
1200203,AC,Cruzeiro do Sul,91888
1200302,AC,Feijó,35426
1200401,AC,Rio Branco,364756
1200450,AC,Senador Guiomard,21454
1200500,AC,Sena Madureira,41343
1200609,AC,Tarauacá,43467
1300144,AM,Apuí,20647
1300300,AM,Autazes,41564
1300508,AM,Barreirinha,31051
1300607,AM,Benjamin Constant,37648
1300631,AM,Beruri,20718
1300680,AM,Boa Vista do Ramos,23785
1300706,AM,Boca do Acre,35447
1300805,AM,Borba,33080
1301001,AM,Carauari,28742
1301100,AM,Careiro,30792
1301209,AM,Coari,70616
1301308,AM,Codajás,23549
1301407,AM,Eirunepé,33170
1301605,AM,Fonte Boa,25871
1301704,AM,Humaitá,57473
1301803,AM,Ipixuna,24311
1301852,AM,Iranduba,61163
1301902,AM,Itacoatiara,103598
1302306,AM,Jutaí,25172
1302405,AM,Lábrea,45448
1302504,AM,Manacapuru,101883
1302603,AM,Manaus,2063689
1302702,AM,Manicoré,53914
1302900,AM,Maués,61204
1303007,AM,Nhamundá,20136
1303106,AM,Nova Olinda do Norte,27062
1303304,AM,Novo Aripuanã,23818
1303403,AM,Parintins,96372
1303536,AM,Presidente Figueiredo,30668
1303569,AM,Rio Preto da Eva,24936
1303700,AM,Santo Antônio do Içá,28211
1303809,AM,São Gabriel da Cachoeira,51795
1303908,AM,São Paulo de Olivença,32967
1304062,AM,Tabatinga,66764
1304203,AM,Tefé,73669
1304401,AM,Urucurituba,23945
1400050,RR,Alto Alegre,21096
1400100,RR,Boa Vista,413486
1400209,RR,Caracaraí,20957
1400472,RR,Rorainópolis,32647
1500107,PA,Abaetetuba,158188
1500206,PA,Acará,59023
1500305,PA,Afuá,37765
1500404,PA,Alenquer,69377
1500503,PA,Almeirim,34280
1500602,PA,Altamira,126279
1500701,PA,Anajás,28011
1500800,PA,Ananindeua,478778
1500859,PA,Anapu,31850
1500909,PA,Augusto Corrêa,44573
1500958,PA,Aurora do Pará,23774
1501105,PA,Bagre,31892
1501204,PA,Baião,51641
1501303,PA,Barcarena,126650
1501402,PA,Belém,1303403
1501501,PA,Benevides,63567
1501709,PA,Bragança,123082
1501725,PA,Brasil Novo,24718
1501782,PA,Breu Branco,45712
1501808,PA,Breves,106968
1501907,PA,Bujaru,24383
1502004,PA,Cachoeira do Arari,23981
1502103,PA,Cametá,134184
1502152,PA,Canaã dos Carajás,77079
1502202,PA,Capanema,70394
1502301,PA,Capitão Poço,56506
1502400,PA,Castanhal,192256
1502509,PA,Chaves,20757
1502707,PA,Conceição do Araguaia,44617
1502756,PA,Concórdia do Pará,26881
1502806,PA,Curralinho,33903
1502905,PA,Curuçá,41262
1502939,PA,Dom Eliseu,58484
1502954,PA,Eldorado do Carajás,28192
1503077,PA,Garrafão do Norte,24703
1503093,PA,Goianésia do Pará,26362
1503101,PA,Gurupá,31786
1503200,PA,Igarapé-Açu,35797
1503309,PA,Igarapé-Miri,64831
1503457,PA,Ipixuna do Pará,30329
1503507,PA,Irituia,30955
1503606,PA,Itaituba,123314
1503705,PA,Itupiranga,49754
1503754,PA,Jacareacanga,24042
1503804,PA,Jacundá,37707
1503903,PA,Juruti,50881
1504000,PA,Limoeiro do Ajuru,29569
1504059,PA,Mãe do Rio,34353
1504208,PA,Marabá,266533
1504307,PA,Maracanã,25971
1504406,PA,Marapanim,26573
1504422,PA,Marituba,111785
1504455,PA,Medicilândia,27094
1504505,PA,Melgaço,27881
1504604,PA,Mocajuba,27198
1504703,PA,Moju,84094
1504752,PA,Mojuí dos Campos,23501
1504802,PA,Monte Alegre,60012
1504901,PA,Muaná,45368
1504950,PA,Nova Esperança do Piriá,20478
1505031,PA,Novo Progresso,33638
1505064,PA,Novo Repartimento,60732
1505106,PA,Óbidos,52229
1505205,PA,Oeiras do Pará,33844
1505304,PA,Oriximiná,68294
1505437,PA,Ourilândia do Norte,32467
1505486,PA,Pacajá,41097
1505502,PA,Paragominas,105550
1505536,PA,Parauapebas,267836
1505700,PA,Ponta de Pedras,24984
1505809,PA,Portel,62503
1505908,PA,Porto de Moz,40597
1506005,PA,Prainha,35577
1506138,PA,Redenção,85597
1506187,PA,Rondon do Pará,53143
1506195,PA,Rurópolis,35769
1506203,PA,Salinópolis,44772
1506302,PA,Salvaterra,24129
1506351,PA,Santa Bárbara do Pará,21087
1506500,PA,Santa Izabel do Pará,73019
1506559,PA,Santa Luzia do Pará,20370
1506609,PA,Santa Maria do Pará,24624
1506708,PA,Santana do Araguaia,32413
1506807,PA,Santarém,331942
1507003,PA,Santo Antônio do Tauá,27461
1507151,PA,São Domingos do Araguaia,21092
1507201,PA,São Domingos do Capim,30599
1507300,PA,São Félix do Xingu,65418
1507458,PA,São Geraldo do Araguaia,24255
1507474,PA,São João de Pirabas,20689
1507607,PA,São Miguel do Guamá,52894
1507706,PA,São Sebastião da Boa Vista,25643
1507805,PA,Senador José Porfírio,22576
1507904,PA,Soure,24204
1507953,PA,Tailândia,72493
1508001,PA,Tomé-Açu,67585
1508035,PA,Tracuateua,28595
1508084,PA,Tucumã,39550
1508100,PA,Tucuruí,91306
1508126,PA,Ulianópolis,37972
1508159,PA,Uruará,43558
1508209,PA,Vigia,50832
1508308,PA,Viseu,58692
1508407,PA,Xinguara,52893
1600279,AP,Laranjal do Jari,35114
1600303,AP,Macapá,442933
1600402,AP,Mazagão,21924
1600501,AP,Oiapoque,27482
1600600,AP,Santana,107618
1702109,TO,Araguaína,171301
1702208,TO,Araguatins,31918
1705508,TO,Colinas do Tocantins,34233
1709302,TO,Guaraí,24775
1709500,TO,Gurupi,85125
1716109,TO,Paraíso do Tocantins,52360
1718204,TO,Porto Nacional,64418
1721000,TO,Palmas,302692
1721208,TO,Tocantinópolis,22615
2100055,MA,Açailândia,106550
2100303,MA,Aldeias Altas,23286
2100436,MA,Alto Alegre do Maranhão,24048
2100477,MA,Alto Alegre do Pindaré,25710
2100600,MA,Amarante do Maranhão,37085
2100709,MA,Anajatuba,25322
2100907,MA,Araioses,39052
2100956,MA,Arame,25517
2101004,MA,Arari,29472
2101202,MA,Bacabal,103711
2101400,MA,Balsas,101767
2101608,MA,Barra do Corda,84532
2101707,MA,Barreirinhas,65589
2102002,MA,Bom Jardim,33100
2102036,MA,Bom Jesus das Selvas,28599
2102101,MA,Brejo,34120
2102200,MA,Buriti,29685
2102309,MA,Buriti Bravo,22455
2102325,MA,Buriticupu,55499
2102705,MA,Cantanhede,24303
2102804,MA,Carolina,24062
2102903,MA,Carutapera,24238
2103000,MA,Caxias,156973
2103208,MA,Chapadinha,81386
2103307,MA,Codó,114275
2103406,MA,Coelho Neto,41658
2103505,MA,Colinas,40316
2103604,MA,Coroatá,59566
2103703,MA,Cururupu,31558
2103802,MA,Dom Pedro,23053
2104057,MA,Estreito,33294
2104677,MA,Governador Nunes Freire,23128
2104800,MA,Grajaú,73872
2105005,MA,Humberto de Campos,25680
2105104,MA,Icatu,24794
2105302,MA,Imperatriz,273110
2105401,MA,Itapecuru Mirim,60440
2105427,MA,Itinga do Maranhão,22513
2105500,MA,João Lisboa,24709
2105708,MA,Lago da Pedra,44403
2106326,MA,Maracaçumé,21149
2106508,MA,Matinha,22034
2106607,MA,Matões,32174
2106706,MA,Mirador,21030
2106755,MA,Miranda do Norte,23864
2106904,MA,Monção,27751
2107506,MA,Paço do Lumiar,145643
2107605,MA,Palmeirândia,21059
2107803,MA,Parnarama,31250
2108108,MA,Paulo Ramos,20341
2108207,MA,Pedreiras,37050
2108256,MA,Pedro do Rosário,24320
2108306,MA,Penalva,32511
2108454,MA,Peritoró,20479
2108504,MA,Pindaré-Mirim,31429
2108603,MA,Pinheiro,84621
2108702,MA,Pio XII,21886
2109007,MA,Porto Franco,23903
2109106,MA,Presidente Dutra,45155
2109452,MA,Raposa,30839
2109502,MA,Riachão,22145
2109601,MA,Rosário,38475
2109809,MA,Santa Helena,41561
2109908,MA,Santa Inês,85014
2110005,MA,Santa Luzia,57635
2110039,MA,Santa Luzia do Paruá,24307
2110104,MA,Santa Quitéria do Maranhão,23957
2110203,MA,Santa Rita,37035
2110500,MA,São Bento,46395
2110609,MA,São Bernardo,26943
2110708,MA,São Domingos do Maranhão,34034
2111102,MA,São João dos Patos,25020
2111201,MA,São José de Ribamar,244579
2111300,MA,São Luís,1037775
2111508,MA,São Mateus do Maranhão,38829
2112100,MA,Timbiras,26484
2112209,MA,Timon,174465
2112233,MA,Trizidela do Vale,22484
2112308,MA,Tuntum,36251
2112407,MA,Turiaçu,37491
2112456,MA,Turilândia,31638
2112506,MA,Tutóia,53356
2112605,MA,Urbano Santos,32812
2112704,MA,Vargem Grande,43261
2112803,MA,Viana,51442
2112902,MA,Vitória do Mearim,30805
2113009,MA,Vitorino Freire,30845
2114007,MA,Zé Doca,40801
2200400,PI,Altos,47453
2201200,PI,Barras,47938
2201507,PI,Batalha,26300
2201903,PI,Bom Jesus,28796
2202208,PI,Campo Maior,45793
2202703,PI,Cocal,28212
2202901,PI,Corrente,27278
2203701,PI,Esperantina,40970
2203909,PI,Floriano,62036
2205508,PI,José de Freitas,42559
2205706,PI,Luís Correia,30641
2205805,PI,Luzilândia,25375
2206209,PI,Miguel Alves,32150
2207009,PI,Oeiras,38161
2207702,PI,Parnaíba,162159
2207801,PI,Paulistana,21055
2207900,PI,Pedro II,37894
2208007,PI,Picos,83090
2208304,PI,Piracuruca,28846
2208403,PI,Piripiri,65538
2210003,PI,São João do Piauí,21421
2210607,PI,São Raimundo Nonato,38934
2211001,PI,Teresina,866300
2211100,PI,União,46119
2211209,PI,Uruçuí,25203
2211308,PI,Valença do Piauí,22279
2300200,CE,Acaraú,65264
2300309,CE,Acopiara,44962
2300754,CE,Amontada,42156
2301000,CE,Aquiraz,80645
2301109,CE,Aracati,75113
2301208,CE,Aracoiaba,25553
2301604,CE,Assaré,21697
2301703,CE,Aurora,23714
2301901,CE,Barbalha,75033
2301950,CE,Barreira,22392
2302107,CE,Baturité,35218
2302206,CE,Beberibe,53114
2302305,CE,Bela Cruz,32775
2302404,CE,Boa Viagem,50411
2302503,CE,Brejo Santo,51090
2302602,CE,Camocim,62326
2302701,CE,Campos Sales,25135
2302800,CE,Canindé,74174
2303204,CE,Caririaçu,26320
2303501,CE,Cascavel,72720
2303709,CE,Caucaia,355679
2303808,CE,Cedro,22344
2303956,CE,Chorozinho,20163
2304004,CE,Coreaú,20953
2304103,CE,Crateús,76390
2304202,CE,Crato,131050
2304251,CE,Cruz,29761
2304285,CE,Eusébio,74170
2304350,CE,Forquilha,24173
2304400,CE,Fortaleza,2428708
2304707,CE,Granja,53344
2304954,CE,Guaiúba,24325
2305001,CE,Guaraciaba do Norte,42053
2305233,CE,Horizonte,74755
2305308,CE,Ibiapina,23965
2305357,CE,Icapuí,21433
2305407,CE,Icó,62642
2305506,CE,Iguatu,98064
2305605,CE,Independência,24024
2305803,CE,Ipu,41081
2305902,CE,Ipueiras,36798
2306108,CE,Irauçuba,23915
2306256,CE,Itaitinga,64650
2306306,CE,Itapajé,46426
2306405,CE,Itapipoca,131123
2306553,CE,Itarema,42957
2306603,CE,Itatira,20424
2306900,CE,Jaguaribe,33726
2307007,CE,Jaguaruana,31701
2307106,CE,Jardim,27411
2307254,CE,Jijoca de Jericoacoara,25555
2307304,CE,Juazeiro do Norte,286120
2307403,CE,Jucás,23922
2307502,CE,Lavras da Mangabeira,30802
2307601,CE,Limoeiro do Norte,59560
2307650,CE,Maracanaú,234509
2307700,CE,Maranguape,105093
2307809,CE,Marco,25799
2308005,CE,Massapê,37697
2308104,CE,Mauriti,45561
2308302,CE,Milagres,25900
2308401,CE,Missão Velha,36822
2308500,CE,Mombaça,37735
2308708,CE,Morada Nova,61443
2308906,CE,Morrinhos,22753
2309300,CE,Nova Russas,30699
2309409,CE,Novo Oriente,27545
2309458,CE,Ocara,24493
2309607,CE,Pacajus,70983
2309706,CE,Pacatuba,81524
2310209,CE,Paracuru,38980
2310258,CE,Paraipaba,32216
2310308,CE,Parambu,31445
2310506,CE,Pedra Branca,40187
2310704,CE,Pentecoste,37813
2310852,CE,Pindoretama,23391
2311264,CE,Quiterianópolis,20213
2311306,CE,Quixadá,84168
2311405,CE,Quixeramobim,82177
2311504,CE,Quixeré,20874
2311603,CE,Redenção,27214
2311801,CE,Russas,72928
2312007,CE,Santana do Acaraú,30628
2312205,CE,Santa Quitéria,40183
2312304,CE,São Benedito,47640
2312403,CE,São Gonçalo do Amarante,54143
2312700,CE,Senador Pompeu,24266
2312908,CE,Sobral,203023
2313104,CE,Tabuleiro do Norte,30652
2313203,CE,Tamboril,24815
2313302,CE,Tauá,61227
2313401,CE,Tianguá,81506
2313500,CE,Trairi,58415
2313609,CE,Ubajara,32767
2313807,CE,Uruburetama,20189
2314003,CE,Várzea Alegre,38984
2314102,CE,Viçosa do Ceará,59712
2400208,RN,Assú,56496
2401008,RN,Apodi,36093
2401107,RN,Areia Branca,24093
2401453,RN,Baraúna,26913
2402006,RN,Caicó,61146
2402204,RN,Canguaretama,29668
2402600,RN,Ceará-Mirim,79115
2403103,RN,Currais Novos,41313
2403251,RN,Parnamirim,252716
2403608,RN,Extremoz,61635
2404200,RN,Goianinha,26741
2405801,RN,João Câmara,33290
2407104,RN,Macaíba,82249
2407203,RN,Macau,27369
2407807,RN,Monte Alegre,23031
2408003,RN,Mossoró,264577
2408102,RN,Natal,751300
2408201,RN,Nísia Floresta,31942
2408300,RN,Nova Cruz,34269
2408904,RN,Parelhas,21499
2409407,RN,Pau dos Ferros,30479
2411205,RN,Santa Cruz,37313
2411502,RN,Santo Antônio,22177
2412005,RN,São Gonçalo do Amarante,115838
2412203,RN,São José de Mipibu,47286
2412500,RN,São Miguel,23537
2414407,RN,Touros,33035
2500304,PB,Alagoa Grande,26062
2500403,PB,Alagoa Nova,21013
2500601,PB,Alhandra,21730
2501104,PB,Areia,22633
2501500,PB,Bananeiras,23134
2501807,PB,Bayeux,82742
2503001,PB,Caaporã,21193
2503209,PB,Cabedelo,66519
2503704,PB,Cajazeiras,63239
2504009,PB,Campina Grande,419379
2504306,PB,Catolé do Rocha,30661
2504603,PB,Conde,27605
2506004,PB,Esperança,31231
2506301,PB,Guarabira,57484
2506905,PB,Itabaiana,23182
2507002,PB,Itaporanga,23940
2507507,PB,João Pessoa,833932
2508307,PB,Lagoa Seca,27730
2508901,PB,Mamanguape,44599
2509107,PB,Mari,21512
2509701,PB,Monteiro,32277
2510808,PB,Patos,103165
2511202,PB,Pedras de Fogo,29662
2512101,PB,Pombal,32473
2512309,PB,Princesa Isabel,21114
2512507,PB,Queimadas,47658
2512903,PB,Rio Tinto,24581
2513703,PB,Santa Rita,149910
2513901,PB,São Bento,32235
2515302,PB,Sapé,51306
2516003,PB,Solânea,26774
2516201,PB,Sousa,67259
2600054,PE,Abreu e Lima,98462
2600104,PE,Afogados da Ingazeira,40241
2600302,PE,Agrestina,23779
2600401,PE,Água Preta,26461
2600500,PE,Águas Belas,41548
2600708,PE,Aliança,35741
2600807,PE,Altinho,20674
2601102,PE,Araripina,85088
2601201,PE,Arcoverde,77742
2601409,PE,Barreiros,40121
2601706,PE,Belo Jardim,79507
2601904,PE,Bezerros,61694
2602001,PE,Bodocó,34478
2602100,PE,Bom Conselho,44294
2602209,PE,Bom Jardim,37629
2602308,PE,Bonito,37474
2602605,PE,Brejo da Madre de Deus,48648
2602803,PE,Buíque,52097
2602902,PE,Cabo de Santo Agostinho,203440
2603009,PE,Cabrobó,30294
2603207,PE,Caetés,28827
2603454,PE,Camaragibe,147771
2603702,PE,Canhotinho,24329
2604007,PE,Carpina,79293
2604106,PE,Caruaru,378048
2604205,PE,Catende,32156
2604502,PE,Chã Grande,20546
2604601,PE,Condado,24587
2605004,PE,Cupira,23518
2605103,PE,Custódia,37699
2605202,PE,Escada,59891
2605301,PE,Exu,31843
2605400,PE,Feira Nova,21427
2605608,PE,Flores,20347
2605707,PE,Floresta,30137
2606002,PE,Garanhuns,142506
2606101,PE,Glória do Goitá,29347
2606200,PE,Goiana,81055
2606408,PE,Gravatá,86516
2606606,PE,Ibimirim,26593
2606804,PE,Igarassu,115196
2607000,PE,Inajá,25603
2607208,PE,Ipojuca,98932
2607307,PE,Ipubi,29009
2607505,PE,Itaíba,32650
2607604,PE,Ilha de Itamaracá,24540
2607653,PE,Itambé,34935
2607752,PE,Itapissuma,27749
2607901,PE,Jaboatão dos Guararapes,644037
2608107,PE,João Alfredo,27725
2608750,PE,Lagoa Grande,24088
2608800,PE,Lajedo,39582
2608909,PE,Limoeiro,56510
2609006,PE,Macaparana,23879
2609154,PE,Manari,23763
2609402,PE,Moreno,55292
2609501,PE,Nazaré da Mata,30648
2609600,PE,Olinda,349976
2609709,PE,Orobó,21808
2609907,PE,Ouricuri,65245
2610004,PE,Palmares,54584
2610202,PE,Panelas,22991
2610509,PE,Passira,28340
2610608,PE,Paudalho,56665
2610707,PE,Paulista,342167
2610806,PE,Pedra,22795
2610905,PE,Pesqueira,62722
2611002,PE,Petrolândia,34161
2611101,PE,Petrolina,386791
2611309,PE,Pombos,27552
2611606,PE,Recife,1488920
2611705,PE,Riacho das Almas,20639
2611804,PE,Ribeirão,33507
2611903,PE,Rio Formoso,20009
2612208,PE,Salgueiro,62372
2612505,PE,Santa Cruz do Capibaribe,98254
2612604,PE,Santa Maria da Boa Vista,40578
2613008,PE,São Bento do Una,49449
2613107,PE,São Caitano,37126
2613206,PE,São João,23837
2613305,PE,São Joaquim do Monte,20037
2613503,PE,São José do Belmonte,34843
2613602,PE,São José do Egito,31004
2613701,PE,São Lourenço da Mata,111249
2613909,PE,Serra Talhada,92228
2614105,PE,Sertânia,32811
2614204,PE,Sirinhaém,37596
2614501,PE,Surubim,64120
2614600,PE,Tabira,27681
2614808,PE,Tacaratu,23902
2614857,PE,Tamandaré,23561
2615003,PE,Taquaritinga do Norte,24736
2615300,PE,Timbaúba,46147
2615409,PE,Toritama,41137
2615607,PE,Trindade,30321
2615805,PE,Tupanatinga,26937
2616209,PE,Vertentes,21959
2616308,PE,Vicência,26359
2616407,PE,Vitória de Santo Antão,134084
2700300,AL,Arapiraca,234696
2700409,AL,Atalaia,37512
2701001,AL,Boca da Mata,21187
2701407,AL,Campo Alegre,32106
2702306,AL,Coruripe,50414
2702355,AL,Craíbas,25397
2702405,AL,Delmiro Gouveia,51318
2702603,AL,Feira Grande,22712
2702900,AL,Girau do Ponciano,36102
2703106,AL,Igaci,23995
2703205,AL,Igreja Nova,21372
2704005,AL,Junqueiro,23907
2704203,AL,Limoeiro de Anadia,24740
2704302,AL,Maceió,957916
2704500,AL,Maragogi,32174
2704708,AL,Marechal Deodoro,60370
2705002,AL,Mata Grande,21844
2705101,AL,Matriz de Camaragibe,23857
2705507,AL,Murici,25187
2705705,AL,Olho d'Água das Flores,20695
2706307,AL,Palmeira dos Índios,71574
2706406,AL,Pão de Açúcar,23823
2706703,AL,Penedo,58650
2706901,AL,Pilar,35370
2707107,AL,Piranhas,22609
2707305,AL,Porto Calvo,24071
2707503,AL,Porto Real do Colégio,20082
2707701,AL,Rio Largo,93927
2708006,AL,Santana do Ipanema,46220
2708303,AL,São José da Laje,20813
2708402,AL,São José da Tapera,30604
2708501,AL,São Luís do Quitunde,30873
2708600,AL,São Miguel dos Campos,51990
2708808,AL,São Sebastião,31786
2708907,AL,Satuba,24278
2709152,AL,Teotônio Vilela,38053
2709202,AL,Traipu,23565
2709301,AL,União dos Palmares,59280
2709400,AL,Viçosa,24092
2800209,SE,Aquidabã,20131
2800308,SE,Aracaju,602757
2800605,SE,Barra dos Coqueiros,41511
2800670,SE,Boquim,24636
2801207,SE,Canindé de São Francisco,26834
2801306,SE,Capela,31645
2802106,SE,Estância,65078
2802908,SE,Itabaiana,103440
2803005,SE,Itabaianinha,40678
2803203,SE,Itaporanga d'Ajuda,34411
2803500,SE,Lagarto,101579
2803609,SE,Laranjeiras,23975
2804508,SE,Nossa Senhora da Glória,41212
2804607,SE,Nossa Senhora das Dores,24996
2804805,SE,Nossa Senhora do Socorro,192330
2805406,SE,Poço Redondo,33439
2805505,SE,Poço Verde,21794
2805604,SE,Porto da Folha,26576
2805703,SE,Propriá,26618
2806206,SE,Salgado,20279
2806701,SE,São Cristóvão,95612
2807105,SE,Simão Dias,42578
2807402,SE,Tobias Barreto,50905
2807600,SE,Umbaúba,23917
2900702,BA,Alagoinhas,151055
2900801,BA,Alcobaça,24530
2901007,BA,Amargosa,36521
2901106,BA,Amélia Rodrigues,24138
2901205,BA,Anagé,25438
2902104,BA,Araci,48294
2902708,BA,Barra,51092
2902807,BA,Barra da Estiva,26026
2902906,BA,Barra do Choça,36539
2903201,BA,Barreiras,159734
2903409,BA,Belmonte,20121
2903904,BA,Bom Jesus da Lapa,65550
2904605,BA,Brumado,70510
2904902,BA,Cachoeira,29250
2905008,BA,Caculé,22462
2905206,BA,Caetité,52012
2905602,BA,Camacan,22579
2905701,BA,Camaçari,300372
2905800,BA,Camamu,30469
2905909,BA,Campo Alegre de Lourdes,30671
2906006,BA,Campo Formoso,71377
2906204,BA,Canarana,24206
2906303,BA,Canavieiras,32683
2906501,BA,Candeias,72382
2906709,BA,Cândido Sales,25247
2906808,BA,Cansanção,37439
2906873,BA,Capim Grosso,33235
2906907,BA,Caravelas,20580
2907103,BA,Carinhanha,28869
2907202,BA,Casa Nova,72086
2907301,BA,Castro Alves,24712
2907509,BA,Catu,48148
2907806,BA,Cícero Dantas,30907
2908200,BA,Conceição da Feira,20800
2908408,BA,Conceição do Coité,67825
2908507,BA,Conceição do Jacuípe,35308
2908606,BA,Conde,23654
2908903,BA,Coração de Maria,26692
2909307,BA,Correntina,32457
2909802,BA,Cruz das Almas,60348
2909901,BA,Curaçá,34180
2910057,BA,Dias d'Ávila,71485
2910503,BA,Entre Rios,38098
2910602,BA,Esplanada,32554
2910701,BA,Euclides da Cunha,61456
2910727,BA,Eunápolis,113710
2910800,BA,Feira de Santana,616272
2911105,BA,Formosa do Rio Preto,25899
2911204,BA,Gandu,32178
2911600,BA,Governador Mangabeira,20605
2911709,BA,Guanambi,87817
2911907,BA,Iaçu,24607
2912103,BA,Ibicaraí,21665
2912202,BA,Ibicoara,20785
2912707,BA,Ibirapitanga,25344
2913200,BA,Ibotirama,26309
2913507,BA,Iguaí,21491
2913606,BA,Ilhéus,178649
2913705,BA,Inhambupe,33790
2913903,BA,Ipiaú,40706
2914000,BA,Ipirá,56876
2914406,BA,Iraquara,23879
2914505,BA,Irará,28043
2914604,BA,Irecê,74507
2914653,BA,Itabela,28165
2914703,BA,Itaberaba,65073
2914802,BA,Itabuna,186708
2914901,BA,Itacaré,27704
2915601,BA,Itamaraju,59605
2915809,BA,Itambé,24394
2916401,BA,Itapetinga,65897
2916500,BA,Itapicuru,31679
2917003,BA,Itiúba,33872
2917300,BA,Ituberá,21902
2917508,BA,Jacobina,82590
2917607,BA,Jaguaquara,45964
2917706,BA,Jaguarari,32703
2918001,BA,Jequié,158813
2918100,BA,Jeremoabo,37626
2918357,BA,João Dourado,24854
2918407,BA,Juazeiro,237821
2918803,BA,Laje,21052
2919157,BA,Lapão,25736
2919207,BA,Lauro de Freitas,203331
2919504,BA,Livramento de Nossa Senhora,43903
2919553,BA,Luís Eduardo Magalhães,107909
2919702,BA,Macarani,21599
2919801,BA,Macaúbas,41859
2920502,BA,Maracás,27620
2920601,BA,Maragogipe,35859
2920700,BA,Maraú,24527
2921005,BA,Mata de São João,42566
2921104,BA,Medeiros Neto,22194
2921203,BA,Miguel Calmon,24661
2921500,BA,Monte Santo,47780
2921708,BA,Morro do Chapéu,33594
2922003,BA,Mucuri,37977
2922300,BA,Muritiba,28707
2922409,BA,Mutuípe,20037
2922508,BA,Nazaré,27060
2922904,BA,Nova Soure,24236
2923001,BA,Nova Viçosa,39509
2923100,BA,Olindina,22633
2923209,BA,Oliveira dos Brejinhos,20715
2923407,BA,Palmas de Monte Alto,20078
2923605,BA,Paramirim,20351
2923704,BA,Paratinga,29252
2923803,BA,Paripiranga,26604
2924009,BA,Paulo Afonso,112870
2924306,BA,Piatã,20086
2924405,BA,Pilão Arcado,35357
2925006,BA,Planalto,23334
2925105,BA,Poções,48293
2925204,BA,Pojuca,32136
2925303,BA,Porto Seguro,168326
2925501,BA,Prado,35003
2925758,BA,Presidente Tancredo Neves,27734
2925808,BA,Queimadas,25988
2925907,BA,Quijingue,25272
2926004,BA,Remanso,40586
2926202,BA,Riachão das Neves,21642
2926301,BA,Riachão do Jacuípe,33386
2926400,BA,Riacho de Santana,30711
2926608,BA,Ribeira do Pombal,54010
2927002,BA,Rio Real,35362
2927200,BA,Ruy Barbosa,28282
2927408,BA,Salvador,2417678
2927507,BA,Santa Bárbara,20952
2927705,BA,Santa Cruz Cabrália,29185
2928000,BA,Santaluz,37834
2928109,BA,Santa Maria da Vitória,38604
2928208,BA,Santana,24755
2928406,BA,Santa Rita de Cássia,27390
2928604,BA,Santo Amaro,56012
2928703,BA,Santo Antônio de Jesus,103055
2928802,BA,Santo Estêvão,52276
2928901,BA,São Desidério,32828
2929107,BA,São Felipe,20283
2929206,BA,São Francisco do Conde,38733
2929305,BA,São Gonçalo dos Campos,39513
2929503,BA,São Sebastião do Passé,40958
2929909,BA,Seabra,46160
2930105,BA,Senhor do Bonfim,74523
2930154,BA,Serra do Ramalho,34222
2930204,BA,Sento Sé,38154
2930501,BA,Serrinha,80435
2930709,BA,Simões Filho,114559
2930774,BA,Sobradinho,25475
2931004,BA,Tanhaçu,21006
2931350,BA,Teixeira de Freitas,145216
2931509,BA,Teofilândia,21176
2931905,BA,Tucano,48736
2932002,BA,Uauá,24665
2932705,BA,Uruçuca,21420
2932903,BA,Valença,85655
2933000,BA,Valente,24362
2933208,BA,Vera Cruz,42529
2933307,BA,Vitória da Conquista,370879
2933505,BA,Wenceslau Guimarães,24474
2933604,BA,Xique-Xique,44757
3100203,MG,Abaeté,22675
3101102,MG,Aimorés,25269
3101508,MG,Além Paraíba,30717
3101607,MG,Alfenas,78970
3101706,MG,Almenara,40364
3102605,MG,Andradas,40553
3103405,MG,Araçuaí,34297
3103504,MG,Araguari,117808
3104007,MG,Araxá,111691
3104205,MG,Arcos,41416
3105103,MG,Bambuí,23546
3105400,MG,Barão de Cocais,30778
3105608,MG,Barbacena,125317
3105905,MG,Barroso,20080
3106200,MG,Belo Horizonte,2315560
3106309,MG,Belo Oriente,23928
3106705,MG,Betim,411846
3107109,MG,Boa Esperança,39848
3107307,MG,Bocaiúva,48032
3107406,MG,Bom Despacho,51737
3108602,MG,Brasília de Minas,32025
3109006,MG,Brumadinho,38915
3109303,MG,Buritis,24030
3109402,MG,Buritizeiro,23910
3110004,MG,Caeté,38776
3110509,MG,Camanducaia,26097
3110608,MG,Cambuí,29536
3111002,MG,Campestre,20696
3111200,MG,Campo Belo,52277
3111606,MG,Campos Gerais,26105
3112307,MG,Capelinha,39626
3113206,MG,Carandaí,23812
3113305,MG,Carangola,31240
3113404,MG,Caratinga,87360
3114204,MG,Carmo do Cajuru,23479
3114303,MG,Carmo do Paranaíba,29011
3114402,MG,Carmo do Rio Claro,20954
3115300,MG,Cataguases,66261
3115508,MG,Caxambu,21056
3116605,MG,Cláudio,30159
3117306,MG,Conceição das Alagoas,28381
3117504,MG,Conceição do Mato Dentro,23163
3118007,MG,Congonhas,52890
3118304,MG,Conselheiro Lafaiete,131621
3118403,MG,Conselheiro Pena,20824
3118601,MG,Contagem,621863
3118809,MG,Coração de Jesus,25377
3119104,MG,Corinto,23532
3119302,MG,Coromandel,28894
3119401,MG,Coronel Fabriciano,104736
3120904,MG,Curvelo,80665
3121605,MG,Diamantina,47702
3122009,MG,Divino,20706
3122306,MG,Divinópolis,231091
3123601,MG,Elói Mendes,26336
3124005,MG,Ervália,20255
3124104,MG,Esmeraldas,85598
3124203,MG,Espera Feliz,24102
3124302,MG,Espinosa,30443
3125101,MG,Extrema,53482
3126109,MG,Formiga,68248
3126703,MG,Francisco Sá,23476
3127107,MG,Frutal,58588
3127701,MG,Governador Valadares,257171
3128006,MG,Guanhães,32244
3128709,MG,Guaxupé,50911
3129509,MG,Ibiá,22229
3129806,MG,Ibirité,170537
3130101,MG,Igarapé,45847
3130903,MG,Inhapim,22692
3131307,MG,Ipatinga,227731
3131703,MG,Itabira,113343
3131901,MG,Itabirito,53365
3132404,MG,Itajubá,93073
3132503,MG,Itamarandiba,32948
3132701,MG,Itambacuri,21042
3133501,MG,Itapecerica,21046
3133808,MG,Itaúna,97669
3134202,MG,Ituiutaba,102217
3134400,MG,Iturama,38295
3134608,MG,Jaboticatubas,20406
3134905,MG,Jacutinga,25525
3135050,MG,Jaíba,37660
3135100,MG,Janaúba,70699
3135209,MG,Januária,65150
3135803,MG,Jequitinhonha,24007
3136207,MG,João Monlevade,80187
3136306,MG,João Pinheiro,46801
3136652,MG,Juatuba,30716
3136702,MG,Juiz de Fora,540756
3137205,MG,Lagoa da Prata,51412
3137601,MG,Lagoa Santa,75145
3137700,MG,Lajinha,20835
3137809,MG,Lambari,20414
3138203,MG,Lavras,104761
3138401,MG,Leopoldina,51145
3139003,MG,Machado,37684
3139409,MG,Manhuaçu,91886
3139508,MG,Manhumirim,20613
3139607,MG,Mantena,26535
3140001,MG,Mariana,61387
3140704,MG,Mateus Leme,37841
3141108,MG,Matozinhos,37618
3141405,MG,Medina,20156
3141801,MG,Minas Novas,24405
3142809,MG,Monte Alegre de Minas,20170
3142908,MG,Monte Azul,20328
3143104,MG,Monte Carmelo,47692
3143203,MG,Monte Santo de Minas,20890
3143302,MG,Montes Claros,414240
3143401,MG,Monte Sião,24089
3143906,MG,Muriaé,104108
3144003,MG,Mutum,27635
3144102,MG,Muzambinho,21891
3144300,MG,Nanuque,35038
3144607,MG,Nepomuceno,25018
3144805,MG,Nova Lima,111697
3145208,MG,Nova Serrana,105552
3145307,MG,Novo Cruzeiro,26975
3145604,MG,Oliveira,39262
3145901,MG,Ouro Branco,38724
3146008,MG,Ouro Fino,32094
3146107,MG,Ouro Preto,74821
3147006,MG,Paracatu,94023
3147105,MG,Pará de Minas,97139
3147204,MG,Paraguaçu,21723
3147303,MG,Paraisópolis,20445
3147402,MG,Paraopeba,24107
3147907,MG,Passos,111939
3148004,MG,Patos de Minas,159235
3148103,MG,Patrocínio,89826
3148707,MG,Pedra Azul,24410
3149309,MG,Pedro Leopoldo,62580
3149903,MG,Perdões,21384
3151206,MG,Pirapora,55606
3151404,MG,Pitangui,26685
3151503,MG,Piumhi,36062
3151800,MG,Poços de Caldas,163742
3152006,MG,Pompéu,31047
3152105,MG,Ponte Nova,57776
3152204,MG,Porteirinha,37438
3152501,MG,Pouso Alegre,152217
3152808,MG,Prata,28342
3154002,MG,Raul Soares,23423
3154606,MG,Ribeirão das Neves,329794
3155603,MG,Rio Pardo de Minas,28271
3156700,MG,Sabará,129380
3156908,MG,Sacramento,26670
3157005,MG,Salinas,40178
3157203,MG,Santa Bárbara,30466
3157807,MG,Santa Luzia,219132
3158953,MG,Santana do Paraíso,44800
3159605,MG,Santa Rita do Sapucaí,40635
3159803,MG,Santa Vitória,20973
3160405,MG,Santo Antônio do Monte,27295
3160702,MG,Santos Dumont,42406
3161106,MG,São Francisco,52762
3162005,MG,São Gonçalo do Sapucaí,23959
3162104,MG,São Gotardo,40910
3162401,MG,São João da Ponte,23930
3162500,MG,São João del Rei,90225
3162708,MG,São João do Paraíso,23910
3162906,MG,São João Nepomuceno,25565
3162922,MG,São Joaquim de Bicas,34348
3162955,MG,São José da Lapa,26090
3163706,MG,São Lourenço,44798
3164704,MG,São Sebastião do Paraíso,71796
3165537,MG,Sarzedo,36844
3167103,MG,Serro,21952
3167202,MG,Sete Lagoas,227397
3168002,MG,Taiobeiras,33050
3168606,MG,Teófilo Otoni,137418
3168705,MG,Timóteo,81579
3169307,MG,Três Corações,75485
3169356,MG,Três Marias,28895
3169406,MG,Três Pontas,55255
3169604,MG,Tupaciguara,25470
3169703,MG,Turmalina,20000
3169901,MG,Ubá,103365
3170107,MG,Uberaba,337836
3170206,MG,Uberlândia,713224
3170404,MG,Unaí,86619
3170701,MG,Varginha,136467
3170800,MG,Várzea da Palma,33744
3171204,MG,Vespasiano,129246
3171303,MG,Viçosa,76430
3172004,MG,Visconde do Rio Branco,39160
3200102,ES,Afonso Cláudio,30684
3200201,ES,Alegre,29177
3200409,ES,Anchieta,29984
3200607,ES,Aracruz,94765
3200805,ES,Baixo Guandu,30674
3200904,ES,Barra de São Francisco,42498
3201209,ES,Cachoeiro de Itapemirim,185786
3201308,ES,Cariacica,353491
3201407,ES,Castelo,36930
3201506,ES,Colatina,120033
3201605,ES,Conceição da Barra,27458
3201902,ES,Domingos Martins,35416
3202108,ES,Ecoporanga,21992
3202306,ES,Guaçuí,29358
3202405,ES,Guarapari,124656
3202454,ES,Ibatiba,25380
3202801,ES,Itapemirim,39832
3203007,ES,Iúna,28590
3203056,ES,Jaguaré,28931
3203205,ES,Linhares,166786
3203320,ES,Marataízes,41929
3203403,ES,Mimoso do Sul,24475
3203908,ES,Nova Venécia,49065
3204054,ES,Pedro Canário,21522
3204104,ES,Pinheiros,23915
3204203,ES,Piúma,22300
3204559,ES,Santa Maria de Jetibá,41636
3204609,ES,Santa Teresa,22808
3204708,ES,São Gabriel da Palha,32252
3204906,ES,São Mateus,123752
3205002,ES,Serra,520653
3205010,ES,Sooretama,26502
3205069,ES,Venda Nova do Imigrante,23831
3205101,ES,Viana,73423
3205200,ES,Vila Velha,467722
3205309,ES,Vitória,322869
3300100,RJ,Angra dos Reis,167434
3300209,RJ,Araruama,129671
3300233,RJ,Armação dos Búzios,40006
3300258,RJ,Arraial do Cabo,30986
3300308,RJ,Barra do Piraí,92883
3300407,RJ,Barra Mansa,169894
3300456,RJ,Belford Roxo,483087
3300506,RJ,Bom Jardim,28102
3300605,RJ,Bom Jesus do Itabapoana,35173
3300704,RJ,Cabo Frio,222161
3300803,RJ,Cachoeiras de Macacu,56943
3301009,RJ,Campos dos Goytacazes,483540
3301306,RJ,Casimiro de Abreu,46110
3301405,RJ,Conceição de Macabu,21104
3301504,RJ,Cordeiro,20783
3301702,RJ,Duque de Caxias,808161
3301850,RJ,Guapimirim,51696
3301876,RJ,Iguaba Grande,27920
3301900,RJ,Itaboraí,224267
3302007,RJ,Itaguaí,116841
3302106,RJ,Itaocara,22919
3302205,RJ,Itaperuna,101041
3302254,RJ,Itatiaia,30908
3302270,RJ,Japeri,96289
3302403,RJ,Macaé,246391
3302502,RJ,Magé,228127
3302601,RJ,Mangaratiba,41220
3302700,RJ,Maricá,197277
3302858,RJ,Mesquita,167127
3302908,RJ,Miguel Pereira,26582
3303005,RJ,Miracema,26881
3303203,RJ,Nilópolis,146774
3303302,RJ,Niterói,481749
3303401,RJ,Nova Friburgo,189939
3303500,RJ,Nova Iguaçu,785867
3303609,RJ,Paracambi,41375
3303708,RJ,Paraíba do Sul,42063
3303807,RJ,Paraty,45243
3303856,RJ,Paty do Alferes,29619
3303906,RJ,Petrópolis,278881
3303955,RJ,Pinheiral,24298
3304003,RJ,Piraí,27474
3304110,RJ,Porto Real,20373
3304144,RJ,Queimados,140523
3304151,RJ,Quissamã,22393
3304201,RJ,Resende,129612
3304300,RJ,Rio Bonito,56276
3304524,RJ,Rio das Ostras,156491
3304557,RJ,Rio de Janeiro,6211223
3304706,RJ,Santo Antônio de Pádua,41325
3304755,RJ,São Francisco de Itabapoana,45059
3304805,RJ,São Fidélis,38961
3304904,RJ,São Gonçalo,896744
3305000,RJ,São João da Barra,36573
3305109,RJ,São João de Meriti,440962
3305158,RJ,São José do Vale do Rio Preto,22080
3305208,RJ,São Pedro da Aldeia,104029
3305505,RJ,Saquarema,89559
3305554,RJ,Seropédica,80596
3305604,RJ,Silva Jardim,21352
3305752,RJ,Tanguá,31086
3305802,RJ,Teresópolis,165123
3306008,RJ,Três Rios,78346
3306107,RJ,Valença,68088
3306206,RJ,Vassouras,33976
3306305,RJ,Volta Redonda,261563
3500105,SP,Adamantina,34687
3500303,SP,Aguaí,32072
3500709,SP,Agudos,37680
3501301,SP,Álvares Machado,27255
3501608,SP,Americana,237240
3501707,SP,Américo Brasiliense,33019
3501905,SP,Amparo,68008
3502101,SP,Andradina,59783
3502200,SP,Angatuba,24022
3502507,SP,Aparecida,32569
3502705,SP,Apiaí,24585
3502754,SP,Araçariguama,21522
3502804,SP,Araçatuba,200124
3502903,SP,Araçoiaba da Serra,32443
3503208,SP,Araraquara,242228
3503307,SP,Araras,130866
3503802,SP,Artur Nogueira,51456
3503901,SP,Arujá,86678
3504008,SP,Assis,101409
3504107,SP,Atibaia,158647
3504503,SP,Avaré,92805
3504602,SP,Bady Bassitt,27260
3505203,SP,Bariri,31595
3505302,SP,Barra Bonita,34346
3505500,SP,Barretos,122485
3505609,SP,Barrinha,32092
3505708,SP,Barueri,316473
3505807,SP,Bastos,21503
3505906,SP,Batatais,58402
3506003,SP,Bauru,379146
3506102,SP,Bebedouro,76373
3506359,SP,Bertioga,64188
3506508,SP,Birigui,118979
3506607,SP,Biritiba Mirim,29683
3507001,SP,Boituva,61081
3507100,SP,Bom Jesus dos Perdões,22006
3507506,SP,Botucatu,145155
3507605,SP,Bragança Paulista,176811
3507803,SP,Brodowski,25201
3507902,SP,Brotas,23898
3508009,SP,Buri,20250
3508405,SP,Cabreúva,47011
3508504,SP,Caçapava,96202
3508603,SP,Cachoeira Paulista,31564
3509007,SP,Caieiras,95032
3509205,SP,Cajamar,92689
3509254,SP,Cajati,28515
3509403,SP,Cajuru,23830
3509502,SP,Campinas,1139047
3509601,SP,Campo Limpo Paulista,77632
3509700,SP,Campos do Jordão,46974
3510005,SP,Cândido Mota,29449
3510203,SP,Capão Bonito,46337
3510302,SP,Capela do Alto,22866
3510401,SP,Capivari,50068
3510500,SP,Caraguatatuba,134873
3510609,SP,Carapicuíba,386984
3510807,SP,Casa Branca,28083
3511102,SP,Catanduva,115791
3511409,SP,Cerqueira César,21469
3511508,SP,Cerquilho,44695
3512209,SP,Conchal,28101
3512407,SP,Cordeirópolis,24514
3512803,SP,Cosmópolis,59773
3513009,SP,Cotia,274413
3513108,SP,Cravinhos,33281
3513405,SP,Cruzeiro,74961
3513504,SP,Cubatão,112476
3513603,SP,Cunha,22110
3513702,SP,Descalvado,31756
3513801,SP,Diadema,393237
3514106,SP,Dois Córregos,24510
3514403,SP,Dracena,45474
3515004,SP,Embu das Artes,250691
3515103,SP,Embu-Guaçu,66970
3515186,SP,Espírito Santo do Pinhal,39816
3515509,SP,Fernandópolis,71186
3515707,SP,Ferraz de Vasconcelos,179198
3516200,SP,Franca,352536
3516309,SP,Francisco Morato,165139
3516408,SP,Franco da Rocha,144849
3516705,SP,Garça,42110
3517406,SP,Guaíra,39279
3517505,SP,Guapiaçu,21711
3518206,SP,Guararapes,31043
3518305,SP,Guararema,31236
3518404,SP,Guaratinguetá,118044
3518602,SP,Guariba,37498
3518701,SP,Guarujá,287634
3518800,SP,Guarulhos,1291771
3519071,SP,Hortolândia,236641
3519303,SP,Ibaté,32178
3519600,SP,Ibitinga,60033
3519709,SP,Ibiúna,75605
3520004,SP,Igaraçu do Tietê,23106
3520103,SP,Igarapava,26212
3520301,SP,Iguape,29115
3520400,SP,Ilhabela,34934
3520442,SP,Ilha Solteira,25549
3520509,SP,Indaiatuba,255748
3521002,SP,Iperó,36459
3521408,SP,Iracemápolis,21967
3521804,SP,Itaí,25180
3522109,SP,Itanhaém,112476
3522208,SP,Itapecerica da Serra,158522
3522307,SP,Itapetininga,157790
3522406,SP,Itapeva,89728
3522505,SP,Itapevi,232297
3522604,SP,Itapira,72022
3522703,SP,Itápolis,39493
3523107,SP,Itaquaquecetuba,369275
3523206,SP,Itararé,44438
3523404,SP,Itatiba,121590
3523909,SP,Itu,168240
3524006,SP,Itupeva,70616
3524105,SP,Ituverava,37571
3524303,SP,Jaboticabal,71821
3524402,SP,Jacareí,240275
3524709,SP,Jaguariúna,59347
3524808,SP,Jales,48776
3525003,SP,Jandira,118045
3525102,SP,Jardinópolis,45282
3525201,SP,Jarinu,37535
3525300,SP,Jaú,133497
3525706,SP,José Bonifácio,36633
3525904,SP,Jundiaí,443221
3526001,SP,Junqueirópolis,20448
3526209,SP,Juquitiba,27404
3526407,SP,Laranjal Paulista,26261
3526704,SP,Leme,98161
3526803,SP,Lençóis Paulista,66505
3526902,SP,Limeira,291869
3527108,SP,Lins,74779
3527207,SP,Lorena,84855
3527306,SP,Louveira,51847
3527405,SP,Lucélia,20061
3528403,SP,Mairinque,50027
3528502,SP,Mairiporã,93853
3529005,SP,Marília,237627
3529203,SP,Martinópolis,24881
3529302,SP,Matão,79033
3529401,SP,Mauá,418261
3530102,SP,Mirandópolis,27983
3530300,SP,Mirassol,63337
3530508,SP,Mococa,67681
3530607,SP,Mogi das Cruzes,451505
3530706,SP,Mogi Guaçu,153658
3530805,SP,Mogi Mirim,92558
3531100,SP,Mongaguá,61951
3531308,SP,Monte Alto,47574
3531407,SP,Monte Aprazível,22280
3531803,SP,Monte Mor,64662
3531902,SP,Morro Agudo,27933
3533403,SP,Nova Odessa,62019
3533502,SP,Novo Horizonte,38324
3533908,SP,Olímpia,55074
3534302,SP,Orlândia,38319
3534401,SP,Osasco,728615
3534609,SP,Osvaldo Cruz,31272
3534708,SP,Ourinhos,103970
3535507,SP,Paraguaçu Paulista,41120
3536505,SP,Paulínia,110537
3536703,SP,Pederneiras,44827
3537107,SP,Pedreira,43112
3537305,SP,Penápolis,61679
3537404,SP,Pereira Barreto,24095
3537602,SP,Peruíbe,68352
3537800,SP,Piedade,52970
3537909,SP,Pilar do Sul,27619
3538006,SP,Pindamonhangaba,165428
3538600,SP,Piracaia,26029
3538709,SP,Piracicaba,423323
3538808,SP,Piraju,29436
3538907,SP,Pirajuí,22431
3539202,SP,Pirapozinho,25348
3539301,SP,Pirassununga,73545
3539509,SP,Pitangueiras,33674
3539806,SP,Poá,103765
3540002,SP,Pompéia,20196
3540200,SP,Pontal,37607
3540606,SP,Porto Feliz,56497
3540705,SP,Porto Ferreira,52649
3540754,SP,Potim,20392
3541000,SP,Praia Grande,349935
3541307,SP,Presidente Epitácio,39505
3541406,SP,Presidente Prudente,225668
3541505,SP,Presidente Venceslau,35201
3541604,SP,Promissão,35131
3542206,SP,Rancharia,28588
3542404,SP,Regente Feijó,20145
3542602,SP,Registro,59947
3543303,SP,Ribeirão Pires,115559
3543402,SP,Ribeirão Preto,698642
3543907,SP,Rio Claro,201418
3544004,SP,Rio das Pedras,31328
3544103,SP,Rio Grande da Serra,44170
3545209,SP,Salto,134319
3545308,SP,Salto de Pirapora,43748
3545803,SP,Santa Bárbara d'Oeste,183347
3546306,SP,Santa Cruz das Palmeiras,28864
3546405,SP,Santa Cruz do Rio Pardo,46442
3546603,SP,Santa Fé do Sul,34794
3546702,SP,Santa Gertrudes,23611
3546801,SP,Santa Isabel,53174
3547304,SP,Santana de Parnaíba,154105
3547502,SP,Santa Rita do Passa Quatro,24833
3547601,SP,Santa Rosa de Viterbo,23411
3547809,SP,Santo André,748919
3548005,SP,Santo Antônio de Posse,23244
3548500,SP,Santos,418608
3548708,SP,São Bernardo do Campo,810729
3548807,SP,São Caetano do Sul,165655
3548906,SP,São Carlos,254857
3549102,SP,São João da Boa Vista,92547
3549409,SP,São Joaquim da Barra,48558
3549706,SP,São José do Rio Pardo,52205
3549805,SP,São José do Rio Preto,480393
3549904,SP,São José dos Campos,697054
3550100,SP,São Manuel,37289
3550209,SP,São Miguel Arcanjo,32039
3550308,SP,São Paulo,11451999
3550407,SP,São Pedro,38256
3550605,SP,São Roque,79484
3550704,SP,São Sebastião,81595
3551009,SP,São Vicente,329911
3551504,SP,Serrana,43909
3551603,SP,Serra Negra,29894
3551702,SP,Sertãozinho,126887
3552106,SP,Socorro,40122
3552205,SP,Sorocaba,723682
3552403,SP,Sumaré,279545
3552502,SP,Suzano,307429
3552809,SP,Taboão da Serra,273542
3553302,SP,Tambaú,21435
3553401,SP,Tanabi,25265
3553708,SP,Taquaritinga,52260
3553807,SP,Taquarituba,24350
3554003,SP,Tatuí,123942
3554102,SP,Taubaté,310739
3554300,SP,Teodoro Sampaio,22173
3554508,SP,Tietê,37663
3554805,SP,Tremembé,51173
3555000,SP,Tupã,63928
3555406,SP,Ubatuba,92981
3556206,SP,Valinhos,126373
3556305,SP,Valparaíso,24241
3556404,SP,Vargem Grande do Sul,40133
3556453,SP,Vargem Grande Paulista,50415
3556503,SP,Várzea Paulista,115771
3556701,SP,Vinhedo,76540
3557006,SP,Votorantim,127923
3557105,SP,Votuporanga,96634
4100400,PR,Almirante Tamandaré,119825
4101408,PR,Apucarana,130134
4101507,PR,Arapongas,119138
4101606,PR,Arapoti,25777
4101804,PR,Araucária,151666
4102000,PR,Assis Chateaubriand,36808
4102109,PR,Astorga,25475
4102406,PR,Bandeirantes,31273
4103602,PR,Cambará,23212
4103701,PR,Cambé,107208
4104006,PR,Campina Grande do Sul,47825
4104204,PR,Campo Largo,136327
4104253,PR,Campo Magro,30160
4104303,PR,Campo Mourão,99432
4104501,PR,Capanema,20481
4104659,PR,Carambeí,23283
4104808,PR,Cascavel,348051
4104907,PR,Castro,73075
4105409,PR,Chopinzinho,21085
4105508,PR,Cianorte,79527
4105805,PR,Colombo,232212
4105904,PR,Colorado,22896
4106407,PR,Cornélio Procópio,45206
4106506,PR,Coronel Vivida,23331
4106605,PR,Cruzeiro do Oeste,23831
4106902,PR,Curitiba,1773718
4107207,PR,Dois Vizinhos,44869
4107652,PR,Fazenda Rio Grande,148873
4108304,PR,Foz do Iguaçu,285415
4108403,PR,Francisco Beltrão,96666
4108601,PR,Goioerê,28437
4108809,PR,Guaíra,32097
4109401,PR,Guarapuava,182093
4109609,PR,Guaratuba,42062
4109708,PR,Ibaiti,28830
4109807,PR,Ibiporã,51603
4110102,PR,Imbituva,29924
4110706,PR,Irati,59250
4111258,PR,Itaperuçu,31217
4111506,PR,Ivaiporã,32720
4111803,PR,Jacarezinho,40375
4112009,PR,Jaguariaíva,35141
4112108,PR,Jandaia do Sul,21408
4113205,PR,Lapa,45003
4113304,PR,Laranjeiras do Sul,32227
4113502,PR,Loanda,23225
4113700,PR,Londrina,555965
4114104,PR,Mandaguaçu,31457
4114203,PR,Mandaguari,36716
4114302,PR,Mandirituba,27439
4114609,PR,Marechal Cândido Rondon,55836
4114807,PR,Marialva,41851
4115200,PR,Maringá,409657
4115705,PR,Matinhos,39259
4115804,PR,Medianeira,54369
4116901,PR,Nova Esperança,26585
4117305,PR,Ortigueira,24192
4117503,PR,Paiçandu,45962
4117602,PR,Palmas,48247
4117701,PR,Palmeira,33855
4117909,PR,Palotina,35011
4118204,PR,Paranaguá,145829
4118402,PR,Paranavaí,92001
4118501,PR,Pato Branco,91836
4119152,PR,Pinhais,127019
4119301,PR,Pinhão,29886
4119400,PR,Piraí do Sul,23651
4119509,PR,Piraquara,118730
4119608,PR,Pitanga,33567
4119905,PR,Ponta Grossa,358371
4119954,PR,Pontal do Paraná,30425
4120606,PR,Prudentópolis,49393
4120804,PR,Quatro Barras,24191
4120903,PR,Quedas do Iguaçu,30738
4121703,PR,Reserva,24573
4122206,PR,Rio Branco do Sul,37558
4122305,PR,Rio Negro,31324
4122404,PR,Rolândia,71670
4123501,PR,Santa Helena,25492
4124053,PR,Santa Terezinha de Itaipu,24262
4124103,PR,Santo Antônio da Platina,44369
4124400,PR,Santo Antônio do Sudoeste,23673
4125506,PR,São José dos Pinhais,329628
4125605,PR,São Mateus do Sul,42366
4125704,PR,São Miguel do Iguaçu,29122
4126256,PR,Sarandi,118455
4126603,PR,Siqueira Campos,22811
4127106,PR,Telêmaco Borba,75042
4127700,PR,Toledo,150470
4128005,PR,Ubiratã,24749
4128104,PR,Umuarama,117095
4128203,PR,União da Vitória,55033
4201307,SC,Araquari,45283
4201406,SC,Araranguá,71922
4202008,SC,Balneário Camboriú,139155
4202107,SC,Barra Velha,45369
4202305,SC,Biguaçu,76773
4202404,SC,Blumenau,361261
4202453,SC,Bombinhas,25058
4202800,SC,Braço do Norte,33773
4202909,SC,Brusque,141385
4203006,SC,Caçador,73720
4203204,SC,Camboriú,103074
4203600,SC,Campos Novos,36932
4203808,SC,Canoinhas,55016
4203907,SC,Capinzal,23314
4203956,SC,Capivari de Baixo,23975
4204202,SC,Chapecó,254785
4204301,SC,Concórdia,81646
4204608,SC,Criciúma,214493
4204806,SC,Curitibanos,40045
4205407,SC,Florianópolis,537211
4205456,SC,Forquilhinha,31431
4205506,SC,Fraiburgo,33481
4205704,SC,Garopaba,29959
4205902,SC,Gaspar,72570
4206306,SC,Guabiruba,24543
4206504,SC,Guaramirim,46711
4206702,SC,Herval d'Oeste,21724
4207007,SC,Içara,59035
4207304,SC,Imbituba,52579
4207502,SC,Indaial,71549
4208104,SC,Itaiópolis,22051
4208203,SC,Itajaí,264054
4208302,SC,Itapema,75940
4208450,SC,Itapoá,30750
4208500,SC,Ituporanga,26525
4208807,SC,Jaguaruna,20375
4208906,SC,Jaraguá do Sul,182660
4209003,SC,Joaçaba,30146
4209102,SC,Joinville,616317
4209300,SC,Lages,164981
4209409,SC,Laguna,42785
4210100,SC,Mafra,55286
4210506,SC,Maravilha,28251
4211306,SC,Navegantes,86401
4211702,SC,Orleans,23661
4211900,SC,Palhoça,222598
4212502,SC,Penha,33663
4212809,SC,Balneário Piçarras,27127
4212908,SC,Pinhalzinho,21972
4213203,SC,Pomerode,34289
4213500,SC,Porto Belo,27688
4213609,SC,Porto União,32970
4214003,SC,Presidente Getúlio,20010
4214805,SC,Rio do Sul,72587
4215000,SC,Rio Negrinho,39261
4215703,SC,Santo Amaro da Imperatriz,27272
4215802,SC,São Bento do Sul,83277
4216206,SC,São Francisco do Sul,52674
4216305,SC,São João Batista,32687
4216503,SC,São Joaquim,25939
4216602,SC,São José,270299
4216909,SC,São Lourenço do Oeste,24791
4217204,SC,São Miguel do Oeste,44330
4217402,SC,Schroeder,20061
4217709,SC,Sombrio,29991
4218004,SC,Tijucas,51592
4218202,SC,Timbó,46099
4218707,SC,Tubarão,110088
4219002,SC,Urussanga,20919
4219309,SC,Videira,55466
4219507,SC,Xanxerê,51607
4219705,SC,Xaxim,31918
4300406,RS,Alegrete,72409
4300604,RS,Alvorada,187315
4301008,RS,Arroio do Meio,21958
4301602,RS,Bagé,117938
4302105,RS,Bento Gonçalves,123151
4302808,RS,Caçapava do Sul,32515
4303004,RS,Cachoeira do Sul,80070
4303103,RS,Cachoeirinha,136258
4303509,RS,Camaquã,62200
4303905,RS,Campo Bom,62886
4304200,RS,Candelária,28906
4304408,RS,Canela,48946
4304507,RS,Canguçu,49680
4304606,RS,Canoas,347657
4304630,RS,Capão da Canoa,63594
4304663,RS,Capão do Leão,26487
4304705,RS,Carazinho,61804
4304804,RS,Carlos Barbosa,30420
4305108,RS,Caxias do Sul,463501
4305355,RS,Charqueadas,35012
4306106,RS,Cruz Alta,58913
4306403,RS,Dois Irmãos,30709
4306601,RS,Dom Pedrito,36981
4306767,RS,Eldorado do Sul,39559
4306809,RS,Encantado,22962
4306908,RS,Encruzilhada do Sul,23819
4307005,RS,Erechim,105705
4307609,RS,Estância Velha,47924
4307708,RS,Esteio,76137
4307807,RS,Estrela,32183
4307906,RS,Farroupilha,70286
4308201,RS,Flores da Cunha,30892
4308508,RS,Frederico Westphalen,32627
4308607,RS,Garibaldi,34335
4309100,RS,Gramado,40134
4309209,RS,Gravataí,265074
4309308,RS,Guaíba,92924
4309407,RS,Guaporé,25268
4310009,RS,Ibirubá,21583
4310108,RS,Igrejinha,32808
4310207,RS,Ijuí,84780
4310330,RS,Imbé,26824
4310603,RS,Itaqui,35768
4310801,RS,Ivoti,22983
4311007,RS,Jaguarão,26603
4311304,RS,Lagoa Vermelha,27659
4311403,RS,Lajeado,93646
4311809,RS,Marau,45124
4312401,RS,Montenegro,64322
4313060,RS,Nova Hartz,20088
4313201,RS,Nova Petrópolis,23300
4313300,RS,Nova Prata,25692
4313375,RS,Nova Santa Rita,29024
4313409,RS,Novo Hamburgo,227646
4313508,RS,Osório,47396
4313706,RS,Palmeira das Missões,33216
4313904,RS,Panambi,43515
4314050,RS,Parobé,52058
4314100,RS,Passo Fundo,206215
4314407,RS,Pelotas,325685
4314803,RS,Portão,34071
4314902,RS,Porto Alegre,1332845
4315305,RS,Quaraí,23500
4315602,RS,Rio Grande,191900
4315701,RS,Rio Pardo,34654
4316006,RS,Rolante,21253
4316402,RS,Rosário do Sul,36630
4316808,RS,Santa Cruz do Sul,133230
4316907,RS,Santa Maria,271735
4317103,RS,Sant'Ana do Livramento,84421
4317202,RS,Santa Rosa,76963
4317301,RS,Santa Vitória do Palmar,30983
4317400,RS,Santiago,48938
4317509,RS,Santo Ângelo,76917
4317608,RS,Santo Antônio da Patrulha,42947
4318002,RS,São Borja,59676
4318200,RS,São Francisco de Paula,21893
4318309,RS,São Gabriel,58487
4318408,RS,São Jerônimo,21028
4318507,RS,São José do Norte,25443
4318705,RS,São Leopoldo,217409
4318804,RS,São Lourenço do Sul,41989
4318903,RS,São Luiz Gonzaga,34752
4319000,RS,São Marcos,21084
4319505,RS,São Sebastião do Caí,24428
4319604,RS,São Sepé,21219
4319901,RS,Sapiranga,75648
4320008,RS,Sapucaia do Sul,132107
4320107,RS,Sarandi,22851
4320800,RS,Soledade,29991
4320909,RS,Tapejara,24557
4321204,RS,Taquara,53242
4321303,RS,Taquari,25198
4321451,RS,Teutônia,32797
4321501,RS,Torres,41751
4321600,RS,Tramandaí,54387
4321709,RS,Três Coroas,24425
4321808,RS,Três de Maio,24916
4321907,RS,Três Passos,25436
4322004,RS,Triunfo,27498
4322202,RS,Tupanciretã,20005
4322400,RS,Uruguaiana,117210
4322509,RS,Vacaria,64197
4322608,RS,Venâncio Aires,68763
4322707,RS,Vera Cruz,26710
4322806,RS,Veranópolis,24021
4323002,RS,Viamão,224112
5000609,MS,Amambai,39325
5000708,MS,Anastácio,24114
5001003,MS,Aparecida do Taboado,27674
5001102,MS,Aquidauana,46803
5001904,MS,Bataguassu,23031
5002100,MS,Bela Vista,21613
5002209,MS,Bonito,23659
5002407,MS,Caarapó,30612
5002704,MS,Campo Grande,898100
5002902,MS,Cassilândia,20988
5002951,MS,Chapadão do Sul,30993
5003207,MS,Corumbá,96268
5003256,MS,Costa Rica,26037
5003306,MS,Coxim,32151
5003702,MS,Dourados,243367
5003801,MS,Fátima do Sul,20609
5004502,MS,Itaporã,24137
5004700,MS,Ivinhema,27821
5005004,MS,Jardim,23981
5005202,MS,Ladário,21522
5005400,MS,Maracaju,45047
5005608,MS,Miranda,25536
5005707,MS,Naviraí,50457
5006002,MS,Nova Alvorada do Sul,21822
5006200,MS,Nova Andradina,48563
5006309,MS,Paranaíba,40957
5006606,MS,Ponta Porã,92017
5007109,MS,Ribas do Rio Pardo,23150
5007208,MS,Rio Brilhante,37601
5007695,MS,São Gabriel do Oeste,29579
5007901,MS,Sidrolândia,47118
5008305,MS,Três Lagoas,132152
5100201,MT,Água Boa,29219
5100250,MT,Alta Floresta,58613
5101407,MT,Aripuanã,24626
5101704,MT,Barra do Bugres,29403
5101803,MT,Barra do Garças,69210
5102504,MT,Cáceres,89681
5102637,MT,Campo Novo do Parecis,45899
5102678,MT,Campo Verde,44585
5102702,MT,Canarana,25858
5103205,MT,Colíder,31370
5103254,MT,Colniza,25766
5103353,MT,Confresa,35075
5103403,MT,Cuiabá,650877
5103502,MT,Diamantino,21941
5104104,MT,Guarantã do Norte,31024
5104807,MT,Jaciara,28569
5105101,MT,Juara,34906
5105150,MT,Juína,45869
5105259,MT,Lucas do Rio Verde,83798
5105606,MT,Matupá,20091
5105622,MT,Mirassol d'Oeste,26785
5106224,MT,Nova Mutum,55839
5106257,MT,Nova Xavantina,24345
5106307,MT,Paranatinga,26423
5106422,MT,Peixoto de Azevedo,32714
5106505,MT,Poconé,31217
5106752,MT,Pontes e Lacerda,52018
5107008,MT,Poxoréu,23283
5107040,MT,Primavera do Leste,85146
5107065,MT,Querência,26769
5107602,MT,Rondonópolis,244911
5107875,MT,Sapezal,28944
5107909,MT,Sinop,196312
5107925,MT,Sorriso,110635
5107958,MT,Tangará da Serra,106434
5108402,MT,Várzea Grande,300078
5200134,GO,Acreúna,21568
5200258,GO,Águas Lindas de Goiás,225693
5200308,GO,Alexânia,27008
5201108,GO,Anápolis,398869
5201405,GO,Aparecida de Goiânia,527796
5203302,GO,Bela Vista de Goiás,34445
5203500,GO,Bom Jesus de Goiás,23958
5204508,GO,Caldas Novas,98622
5205109,GO,Catalão,114427
5205406,GO,Ceres,22046
5205497,GO,Cidade Ocidental,91767
5205513,GO,Cocalzinho de Goiás,25016
5206206,GO,Cristalina,62337
5208004,GO,Formosa,115901
5208608,GO,Goianésia,73707
5208707,GO,Goiânia,1437366
5208806,GO,Goianira,71916
5208905,GO,Goiás,24071
5209101,GO,Goiatuba,35664
5209705,GO,Hidrolândia,27742
5210000,GO,Inhumas,52204
5210109,GO,Ipameri,25548
5210208,GO,Iporá,35684
5210406,GO,Itaberaí,44734
5210901,GO,Itapaci,21087
5211206,GO,Itapuranga,26113
5211503,GO,Itumbiara,107970
5211800,GO,Jaraguá,45223
5211909,GO,Jataí,105729
5212501,GO,Luziânia,209129
5213087,GO,Minaçu,27075
5213103,GO,Mineiros,70081
5213806,GO,Morrinhos,51351
5214507,GO,Nerópolis,31932
5214606,GO,Niquelândia,34964
5215231,GO,Novo Gama,103804
5215603,GO,Padre Bernardo,34967
5215702,GO,Palmeiras de Goiás,31858
5217104,GO,Piracanjuba,24883
5217302,GO,Pirenópolis,26690
5217401,GO,Pires do Rio,32373
5217609,GO,Planaltina,105031
5218003,GO,Porangatu,44317
5218300,GO,Posse,34914
5218508,GO,Quirinópolis,48447
5218805,GO,Rio Verde,225696
5219308,GO,Santa Helena de Goiás,38492
5219753,GO,Santo Antônio do Descoberto,72127
5220108,GO,São Luís de Montes Belos,33852
5220207,GO,São Miguel do Araguaia,21900
5220454,GO,Senador Canedo,155635
5220603,GO,Silvânia,22245
5221403,GO,Trindade,142431
5221601,GO,Uruaçu,42546
5221858,GO,Valparaíso de Goiás,198861
5300108,DF,Brasília,2817381
